[{
      
      "nome": "Alberta",
      "cidades": [
        "Banff",
        "Brooks",
        "Calgary",
        "Edmonton",
        "Fort McMurray",
        "Grande Prairie",
        "Jasper",
        "Lake Louise",
        "Lethbridge",
        "Medicine Hat",
        "Red Deer",
        "Saint Albert"
      ]
    },

    {
          
          "nome": "British Columbia",
          "cidades": [
            "Barkerville",
            "Burnaby",
            "Campbell River",
            "Chilliwack",
            "Courtenay",
            "Cranbrook",
            "Dawson Creek",
            "Delta",
            "Esquimalt",
            "Fort Saint James",
            "Fort Saint John",
            "Hope",
            "Kamloops",
            "Kelowna",
            "Kimberley",
            "Kitimat",
            "Langley",
            "Nanaimo",
            "Nelson",
            "New Westminster",
            "North Vancouver",
            "Oak Bay",
            "Penticton",
            "Powell River",
            "Prince George",
            "Prince Rupert",
            "Quesnel",
            "Revelstoke",
            "Rossland",
            "Trail",
            "Vancouver",
            "Vernon",
            "Victoria",
            "West Vancouver",
            "White Rock"
          ]
        },

      {
          
          "nome": "British Columbia",
          "cidades": [
            "Barkerville",
            "Burnaby",
            "Campbell River",
            "Chilliwack",
            "Courtenay",
            "Cranbrook",
            "Dawson Creek",
            "Delta",
            "Esquimalt",
            "Fort Saint James",
            "Fort Saint John",
            "Hope",
            "Kamloops",
            "Kelowna",
            "Kimberley",
            "Kitimat",
            "Langley",
            "Nanaimo",
            "Nelson",
            "New Westminster",
            "North Vancouver",
            "Oak Bay",
            "Penticton",
            "Powell River",
            "Prince George",
            "Prince Rupert",
            "Quesnel",
            "Revelstoke",
            "Rossland",
            "Trail",
            "Vancouver",
            "Vernon",
            "Victoria",
            "West Vancouver",
            "White Rock"
          ]
      },

      {
          
          "nome": "Manitoba",
          "cidades": [
            "Brandon",
            "Churchill",
            "Dauphin",
            "Flin Flon",
            "Kildonan",
            "Saint Boniface",
            "Swan River",
            "Thompson",
            "Winnipeg",
            "York Factory"
          ]
      },

      {
          
          "nome": "New Brunswick",
          "cidades": [
            "Bathurst",
            "Caraquet",
            "Dalhousie",
            "Fredericton",
            "Miramichi",
            "Moncton",
            "Saint John"
          ]
      },

      {
          "nome": "Newfoundland And Labrador",
          "cidades": [
            "Bathurst",
            "Caraquet",
            "Dalhousie",
            "Fredericton",
            "Miramichi",
            "Moncton",
            "Saint John"
          ]
      },

      {
          "nome": "Northwest Territories",
          "cidades": [
            "Fort Smith",
            "Hay River",
            "Inuvik",
            "Tuktoyaktuk",
            "Yellowknife"
          ]
      },

      {
          "nome": "Nova Scotia",
          "cidades": [
            "Baddeck",
            "Digby",
            "Glace Bay",
            "Halifax",
            "Liverpool",
            "Louisbourg",
            "Lunenburg",
            "Pictou",
            "Port Hawkesbury",
            "Springhill",
            "Sydney",
            "Yarmouth"
          ]
      },

      {
          "nome": "Nunavut",
          "cidades": [
            "Iqaluit"
          ]
      },

      {
          "nome": "Ontario",
          "cidades": [
            "Bancroft",
            "Barrie",
            "Belleville",
            "Brampton",
            "Brantford",
            "Brockville",
            "Burlington",
            "Cambridge",
            "Chatham",
            "Chatham-Kent",
            "Cornwall",
            "Elliot Lake",
            "Etobicoke",
            "Fort Erie",
            "Fort Frances",
            "Gananoque",
            "Guelph",
            "Hamilton",
            "Iroquois Falls",
            "Kapuskasing",
            "Kawartha Lakes",
            "Kenora",
            "Kingston",
            "Kirkland Lake",
            "Kitchener",
            "Laurentian Hills",
            "London",
            "Midland",
            "Mississauga",
            "Moose Factory",
            "Moosonee",
            "Niagara Falls",
            "Niagara-on-the-Lake",
            "North Bay",
            "North York",
            "Oakville",
            "Orillia",
            "Oshawa",
            "Ottawa",
            "Parry Sound",
            "Perth",
            "Peterborough",
            "Picton",
            "Port Colborne",
            "Saint Catharines",
            "Saint Thomas",
            "Sarnia-Clearwater",
            "Sault Sainte Marie",
            "Scarborough",
            "Simcoe",
            "Stratford",
            "Sudbury",
            "Temiskaming Shores",
            "Thorold",
            "Thunder Bay",
            "Timmins",
            "Toronto",
            "Trenton",
            "Waterloo",
            "Welland",
            "West Nipissing",
            "Windsor",
            "Woodstock",
            "York"
          ]
      },

      {
          "nome": "Prince Edward Island",
          "cidades": [
            "Borden",
            "Cavendish",
            "Charlottetown",
            "Souris",
            "Summerside"
                  ]
      },

      {
          "nome": "Quebec",
          "cidades": [
            "Asbestos",
            "Baie-Comeau",
            "Beloeil",
            "Cap-de-la-Madeleine",
            "Chambly",
            "Charlesbourg",
            "Châteauguay",
            "Chibougamau",
            "Côte-Saint-Luc",
            "Dorval",
            "Gaspé",
            "Gatineau",
            "Granby",
            "Havre-Saint-Pierre",
            "Hull",
            "Jonquière",
            "Kuujjuaq",
            "La Salle",
            "La Tuque",
            "Lachine",
            "Laval",
            "Lévis",
            "Longueuil",
            "Magog",
            "Matane",
            "Montreal",
            "Montréal-Nord",
            "Percé",
            "Port-Cartier",
            "Quebec",
            "Rimouski",
            "Rouyn-Noranda",
            "Saguenay",
            "Saint-Eustache",
            "Saint-Hubert",
            "Sainte-Anne-de-Beaupré",
            "Sainte-Foy",
            "Sainte-Thérèse",
            "Sept-Îles",
            "Sherbrooke",
            "Sorel-Tracy",
            "Trois-Rivières",
            "Val-d’Or",
            "Waskaganish"
          ]
      },

      {
          "nome": "Saskatchewan",
          "cidades": [
            "Batoche",
            "Cumberland House",
            "Estevan",
            "Flin Flon",
            "Moose Jaw",
            "Prince Albert",
            "Regina",
            "Saskatoon",
            "Uranium City"
          ]
      },

      {
          "nome": "Yukon",
          "cidades": [
            "Dawson",
            "Watson Lake",
            "Whitehorse"
          ]
      }
]
